[
    {
      "countryName": "India",
      "cities": [
        {
          "id": 1,
          "name": "Banglaore",
          "countryName": "India",
          "values": [
            {
              "name": "bang1"
            },
            {
              "name": "bang2"
            },
            {
              "name": "bang3"
            }
          ]
        },
        {
          "id": 2,
          "name": "culcutta",
          "countryName": "India",
          "values": [
            {
              "name": "cul1"
            },
            {
              "name": "cul2"
            }
          ]
        },
        {
          "id": 3,
          "name": "Pune",
          "countryName": "India",
          "values": [
            {
              "name": "pune1"
            }
          ]
        },
        {
          "id": 4,
          "name": "Hyderabad",
          "countryName": "India",
          "values": [
            {
              "name": "hyd1"
            }
          ]
        }
      ]
    },
    {
      "countryName": "US",
      "cities": [
        {
          "id": 5,
          "name": "CA",
          "countryName": "US",
          "values": [
            {
              "name": "ca1"
            },
            {
              "name": "ca2"
            }
          ]
        },
        {
          "id": 6,
          "name": "NY",
          "countryName": "US",
          "values": [
            {
              "name": "ny1"
            },
            {
              "name": "ny2"
            },
            {
              "name": "ny3"
            },
            {
              "name": "ny4"
            }
          ]
        }
      ]
    },
    {
      "countryName": "South Africa",
      "cities": [
        {
          "id": 7,
          "name": "dar-es-salaam",
          "countryName": "South Africa",
          "values": [
            {
              "name": "dar1"
            },
            {
              "name": "dar2"
            }
          ]
        },
        {
          "id": 8,
          "name": "Cape town",
          "countryName": "South Africa",
          "values": [
            {
              "name": "cape1"
            },
            {
              "name": "cape2"
            }
          ]
        }
      ]
    }
  ]