{
    "questions": [
      {
        "Q_num":1,
        "question": "Enter your Name",
        "types": "textbox",
        "answers": [
          ""
        ]
      },
      {
        "Q_num":2,
        "question": "What is the scientific name of a butterfly?",
        "types": "checkbox",
        "answers": [
          "Apis",
          "Coleoptera",
          "Formicidae",
          "Rhopalocera"
        ],
        "correctIndex": 3
      },
      {
        "Q_num":3,
        "question": "How hot is the surface of the sun?",
        "types": "radio",
        "answers": [
        {"id":1, "name":"1,233 K"},
        {"id":2, "name":"5,778 K"},
        {"id":3, "name":"12,130 K"},
        {"id":4, "name":"101,300 K"}
        ],
        "correctIndex": 1
      },
      {
        "Q_num":4,
        "question": "Are you Indian?",
        "types": "checkbox",
        "answers": [
          "Yes",
          "No"
        ],
        "correctIndex": 0
      },
      {
        "Q_num":5,
        "question": "What is the capital of India?",
        "types": "radio",
        "answers": [

        {"id":1, "name":"Delhi"},
        {"id":2, "name":"New Delhi"},
        {"id":3, "name":"Mumbai"},
        {"id":4, "name":"Gandhinagar"}
          
        ],
        "correctIndex": 1
      },
      {
        "Q_num":6,
        "question": "What are the school colors of the University of Texas at Austin?",
        "types": "checkbox",
        "answers": [
          "Black, Red",
          "Blue, Orange",
          "White, Burnt Orange",
          "White, Old gold, Gold"
        ],
        "correctIndex": 2
      },
      {
        "Q_num":7,
        "question": "What is 70 degrees Fahrenheit in Celsius?",
        "types": "radio",
        "answers": [

        {"id":1, "name":"18.8889"},
        {"id":2, "name":"20"},
        {"id":3, "name":"21.111"},
        {"id":4, "name":"158"}
  
        ],
        "correctIndex": 2
      },
      {
        "Q_num":8,
        "question": "When was Mahatma Gandhi born?",
        "types": "checkbox",
        "answers": [
          "October 2, 1869",
          "December 15, 1872",
          "July 18, 1918",
          "January 15, 1929"
        ],
        "correctIndex": 0
      },
      {
        "Q_num":9,
        "question": "How far is the moon from Earth?",
        "types": "radio",
        "answers": [
          {"id":1, "name": "7,918 miles (12,742 km)"},
          {"id":2, "name":"86,881 miles (139,822 km)"},
          {"id":3, "name":"238,400 miles (384,400 km)"},
          {"id":4, "name":"35,980,000 miles (57,910,000 km)"}
          
        ],
        "correctIndex": 2
      },
      {
        "Q_num":10,
        "question": "What is 65 times 52?",
        "types": "radio",
        "answers": [
          {"id":1, "name":"117"},
          {"id":2, "name":"3120"},
          {"id":3, "name":"3380"},
          {"id":4, "name":"3520"}
        ],
        "correctIndex": 2
      },
      {
        "Q_num":11,
        "question": "When did The Avengers come out?",
        "types": "checkbox",
        "answers": [
          "May 2, 2008",
          "May 4, 2012",
          "May 3, 2013",
          "April 4, 2014"
        ],
        "correctIndex": 1
      },
      {
        "Q_num":12,
        "question": "What is 48,879 in hexadecimal?",
        "types": "checkbox",
        "answers": [
          "0x18C1",
          "0xBEEF",
          "0xDEAD",
          "0x12D591"
        ],
        "correctIndex": 1
      },
      {
        "Q_num":13,
        "question": "Who will win ICC Cricket World Cup 2019?",
        "types": "radio",
        "answers": [
          {"id":1, "name":"India"},
          {"id":2, "name":"Aus"},
          {"id":3, "name":"Kiwi"},
          {"id":4, "name":"Eng"}
        ],
        "correctIndex": 1
      },
      {
        "Q_num":14,
        "question": "How tall is Mount Everest?",
        "types": "checkbox",
        "answers": [
          "6,683 ft (2,037 m)",
          "7,918 ft (2,413 m)",
          "19,341 ft (5,895 m)",
          "29,029 ft (8,847 m)"
        ],
        "correctIndex": 3
      },
      {
        "Q_num":15,
        "question": "Who is the Main actor in Baahubali?",
        "types": "textbox",
        "answers": [
          ""
        ]
      },
      {
        "Q_num":16,
        "question": "Wggdgdfgdf?",
        "types": "textbox",
        "answers": [
          ""
        ]
      }
      
    ]

    
  }