{
    "questions": [
        {
            "question": "What is the scientific name of a butterfly?",
            "type": "checkbox",
            "answers": [
              "Apis",
              "Coleoptera",
              "Formicidae",
              "Rhopalocera"
            ],
            "correctIndex": 3
        },
        {
          "question": "What is the scientific name of a butterfly?",
          "type": "checkbox",
          "answers": [
            "12",
            "22",
            "32",
            "42"
          ],
          "correctIndex": 3
      }
        
    ]
}
      