{
  "questions": [
    {
      "Q_num": 1,
      "question": "Enter your Name",
      "types": "textbox",
      "answers": [""]
    },
    {
      "Q_num": 2,
      "question": "Enter Your City Name",
      "types": "textbox",
      "answers": [""]
    },
    {
      "Q_num": 3,
      "question": "What is the scientific name of a butterfly?",
      "types": "checkbox",
      "answers": [
        "Apis",
        "Coleoptera",
        "Formicidae",
        "Rhopalocera"
      ],
      "correctIndex": 3
    },
    {
      "Q_num": 4,
      "question": "How hot is the surface of the sun?",
      "types": "radio",
      "answers": [
        {
          "id": 0,
          "opt": "1,233 K"
        },
        {
          "id": 1,
          "opt": "5,778 K"
        }
      ]
    },
    {
      "Q_num": 5,
      "question": "Do you like Cricketer?",
      "types": "radio",
      "answers": [
        {
          "id": 0,
          "opt": "YES"
        },
        {
          "id": 1,
          "opt": "NO"
        }
      ]
    },
    {
      "Q_num": 6,
      "question": "When did The Avengers come out?",
      "types": "checkbox",
      "answers": [
        "May 2, 2008",
        "May 4, 2012",
        "May 3, 2013",
        "April 4, 2014"
      ],
      "correctIndex": 1
    },
    {
      "Q_num": 7,
      "question": "What is 48,879 in hexadecimal?",
      "types": "checkbox",
      "answers": [
        "0x18C1",
        "0xBEEF",
        "0xDEAD",
        "0x12D591"
      ],
      "correctIndex": 1
    },
    {
      "Q_num": 8,
      "question": "Who will win ICC Cricket World Cup 2019?",
      "types": "radio",
      "answers": [
        {
          "id": 1,
          "opt": "India"
        },
        {
          "id": 2,
          "opt": "Aus"
        },
        {
          "id": 3,
          "opt": "Kiwi"
        },
        {
          "id": 4,
          "opt": "Eng"
        }
      ],
      "correctIndex": 1
    },
    {
      "Q_num": 9,
      "question": "How tall is Mount Everest?",
      "types": "checkbox",
      "answers": [
        "6,683 ft (2,037 m)",
        "7,918 ft (2,413 m)",
        "19,341 ft (5,895 m)",
        "29,029 ft (8,847 m)"
      ],
      "correctIndex": 3
    },
    {
      "Q_num": 10,
      "question": "Who is the Main actor in Baahubali?",
      "types": "textbox",
      "answers": [""]
    },
    {
      "Q_num":11,
      "question": "When was Mahatma Gandhi born?",
      "types": "checkbox",
      "answers": [
        "October 2, 1869",
        "December 15, 1872",
        "July 18, 1918",
        "January 15, 1929"
      ],
      "correctIndex": 0
    }
  ]
}