{
  "questions": [{
      "Q_num": 1,
      "question": "Enter your Name",
      "types": "textbox",
      "answers": [
        ""
      ]
    },
    {
      "Q_num": 2,
      "question": "What is the scientific name of a butterfly?",
      "types": "checkbox",
      "answers": [
        "Apis",
        "Coleoptera",
        "Formicidae",
        "Rhopalocera"
      ],
      "correctIndex": 3
    },
    {
      "Q_num": 3,
      "question": "How hot is the surface of the sun?",
      "types": "radio",
      "answers":[

        { "key" : 1, "value" : "1,233 K" },
        { "key" : 2, "value" : "5,778 K" }
        
        
        ]
    },
    {
      "Q_num": 4,
      "question": "What are the school colors of the University of Texas at Austin?",
      "types": "checkbox",
      "answers": [
        "Black, Red",
        "Blue, Orange",
        "White, Burnt Orange",
        "White, Old gold, Gold"
      ],
      "correctIndex": 2
    },
    {
      "Q_num":5,
      "question": "Do you like Cricketer?",
      "types": "radio",
      "answers":[
        { "key" : 1, "value" : "YES" },
        { "key" : 2, "value" : "NO" }
      ]
    },
    {
      "Q_num": 6,
      "question": "When was Mahatma Gandhi born?",
      "types": "checkbox",
      "answers": [
        "October 2, 1869",
        "December 15, 1872",
        "July 18, 1918",
        "January 15, 1929"
      ],
      "correctIndex": 0
    },
   
    {
      "Q_num":7,
      "question": "What is the capital of India?",
      "types": "radio",
      "answers": [

      "Delhi",
      "New Delhi",
      "Mumbai",
      "Gandhinagar"
      ],
      "correctIndex": 1
    }
  ]
}