[
    {
      "car": [
        {
          "car_id": 0,
          "name": "BMW"
        },
        {
          "car_id": 1,
          "name": "JAGUAR"
        },
        {
          "car_id": 2,
          "name": "AUDI"
        },
        {
          "car_id": 3,
          "name": "HYUNDAI"
        },
        {
          "car_id": 4,
          "name": "MAHENDRA"
        },
        {
          "car_id": 5,
          "name": "TOYOTA"
        }
      ],
      "carmodel": [
        {
          "model_id": 0,
          "modelname": "BMW X1",
          "did": 0
        },
        {
          "model_id": 1,
          "modelname": "BMW X3",
          "did": 0
        },
        {
          "model_id": 2,
          "modelname": "JAGUAR XF",
          "did": 1
        },
        {
          "model_id": 3,
          "modelname": "JAGUAR XL",
          "did": 1
        },
        {
          "model_id": 4,
          "modelname": "JAGUAR XS",
          "did": 1
        },
        {
          "model_id": 5,
          "modelname": "AUDI A7",
          "did": 2
        },
        {
          "model_id": 6,
          "modelname": "AUDI A4",
          "did": 2
        },
        {
          "model_id": 7,
          "modelname": "HYUNNDAI i20",
          "did": 3
        },
        {
          "model_id": 8,
          "modelname": "i10",
          "did": 3
        },
        {
          "model_id": 9,
          "modelname": "Scorpio",
          "did": 4
        },
        {
          "model_id": 10,
          "modelname": "FORTUNER",
          "did": 5
        },
        {
          "model_id": 11,
          "modelname": "ABC",
          "did": 5
        },
        {
          "model_id": 12,
          "modelname": "Brezza",
          "did": 5
        }
      ]
    }
  ]