[
    {
      "CAR": [
        {
          "id": "1",
          "name": "AUDI",
          "car_id": "1"
        },
        {
          "id": "2",
          "name": "JAGUAR",
          "car_id": "2"
        },
        {
          "id": "3",
          "name": "BMW",
          "car_id": "3"
        }
      ],
      "MODEL": [
        {
          "id": "1",
          "model_id": "1",
          "name": "Audi A4"
        },
        {
          "id": "2",
          "model_id": "1",
          "name": "Audi A6"
        },
        {
          "id": "3",
          "model_id": "1",
          "name": "Audi R8"
        },
        {
          "id": "4",
          "model_id": "1",
          "name": "Audi S5"
        },
        {
          "id": "5",
          "model_id": "2",
          "name": "Jaguar XL"
        },
        {
          "id": "6",
          "model_id": "2",
          "name": "Jaguar XF"
        },
        {
          "id": "7",
          "model_id": "2",
          "name": "Jaguar XE"
        },
        {
          "id": "8",
          "model_id": "3",
          "name": "BMW X1"
        },
        {
          "id": "9",
          "model_id": "3",
          "name": "BMW X3"
        },
        {
          "id": "10",
          "model_id": "3",
          "name": "BMW Q3"
        },
        {
          "id": "11",
          "model_id": "3",
          "name": "BMW Q7"
        }
      ]
    }
  ]